{"cameraMode":{"drawMode":0,"name":"Shaded","section":"Shading Mode"},"sceneLighting":false,"audioPlay":false,"sceneViewState":{"m_AlwaysRefresh":false,"showFog":true,"showSkybox":false,"showFlares":true,"showImageEffects":true,"showParticleSystems":true,"showVisualEffectGraphs":true,"m_FxEnabled":true},"in2DMode":false,"pivot":{"x":0.19066143035888673,"y":0.18926429748535157,"z":0.8192375898361206},"rotation":{"x":0.17247705161571504,"y":0.7067832350730896,"z":-0.18447470664978028,"w":0.660818874835968},"size":1.629903793334961,"orthographic":false}