{"cameraMode":{"drawMode":0,"name":"Shaded","section":"Shading Mode"},"sceneLighting":true,"audioPlay":false,"sceneViewState":{"m_AlwaysRefresh":false,"showFog":true,"showSkybox":false,"showFlares":true,"showImageEffects":true,"showParticleSystems":true,"showVisualEffectGraphs":true,"m_FxEnabled":true},"in2DMode":false,"pivot":{"x":-1.191472053527832,"y":1.0795722007751465,"z":4.041004657745361},"rotation":{"x":-0.00048051055637188256,"y":0.9843249917030335,"z":-0.17638245224952699,"w":-0.0026545855216681959},"size":5.136027812957764,"orthographic":true}