{"cameraMode":{"drawMode":0,"name":"Shaded","section":"Shading Mode"},"sceneLighting":false,"audioPlay":false,"sceneViewState":{"m_AlwaysRefresh":false,"showFog":true,"showSkybox":true,"showFlares":true,"showImageEffects":true,"showParticleSystems":true,"showVisualEffectGraphs":true,"m_FxEnabled":true},"in2DMode":false,"pivot":{"x":-4.815566539764404,"y":1.1098134517669678,"z":7.101258277893066},"rotation":{"x":-0.1140541061758995,"y":0.011024176143109799,"z":-0.0012657659826800228,"w":-0.9934136867523193},"size":5.797239780426025,"orthographic":false}